<?xml version="1.0" encoding="UTF-8"?>
<GenRun Id="pxl_clk_gen_synth_1" LaunchPart="xc7z010clg400-1" LaunchTime="1635987896">
  <File Type="PA-TCL" Name="pxl_clk_gen.tcl"/>
  <File Type="REPORTS-TCL" Name="pxl_clk_gen_reports.tcl"/>
  <File Type="RDS-RDS" Name="pxl_clk_gen.vds"/>
  <File Type="RDS-UTIL" Name="pxl_clk_gen_utilization_synth.rpt"/>
  <File Type="RDS-UTIL-PB" Name="pxl_clk_gen_utilization_synth.pb"/>
  <File Type="RDS-DCP" Name="pxl_clk_gen.dcp"/>
  <FileSet Name="sources" Type="BlockSrcs" RelSrcDir="$PSRCDIR/pxl_clk_gen">
    <File Path="$PSRCDIR/sources_1/ip/pxl_clk_gen/pxl_clk_gen.xci">
      <FileInfo>
        <Attr Name="UsedIn" Val="synthesis"/>
        <Attr Name="UsedIn" Val="implementation"/>
        <Attr Name="UsedIn" Val="simulation"/>
      </FileInfo>
    </File>
    <Config>
      <Option Name="TopModule" Val="pxl_clk_gen"/>
      <Option Name="UseBlackboxStub" Val="1"/>
    </Config>
  </FileSet>
  <FileSet Name="constrs_in" Type="BlockSrcs" RelSrcDir="$PSRCDIR/pxl_clk_gen">
    <File Path="$PSRCDIR/sources_1/ip/pxl_clk_gen/pxl_clk_gen.xci">
      <FileInfo>
        <Attr Name="UsedIn" Val="synthesis"/>
        <Attr Name="UsedIn" Val="implementation"/>
        <Attr Name="UsedIn" Val="simulation"/>
      </FileInfo>
    </File>
    <Config>
      <Option Name="TopModule" Val="pxl_clk_gen"/>
      <Option Name="UseBlackboxStub" Val="1"/>
    </Config>
  </FileSet>
  <FileSet Name="utils" Type="Utils" RelSrcDir="$PSRCDIR/utils_1">
    <Filter Type="Utils"/>
    <Config>
      <Option Name="TopAutoSet" Val="TRUE"/>
    </Config>
  </FileSet>
  <Strategy Version="1" Minor="2">
    <StratHandle Name="Vivado Synthesis Defaults" Flow="Vivado Synthesis 2020"/>
    <Step Id="synth_design"/>
  </Strategy>
</GenRun>
