<?xml version="1.0" encoding="UTF-8"?>
<GenRun Id="synth_1" LaunchPart="xc7z010clg400-1" LaunchTime="1639065066">
  <File Type="PA-TCL" Name="Lab5.tcl"/>
  <File Type="REPORTS-TCL" Name="Lab5_reports.tcl"/>
  <File Type="RDS-RDS" Name="Lab5.vds"/>
  <File Type="RDS-UTIL" Name="Lab5_utilization_synth.rpt"/>
  <File Type="RDS-UTIL-PB" Name="Lab5_utilization_synth.pb"/>
  <File Type="RDS-DCP" Name="Lab5.dcp"/>
  <FileSet Name="sources" Type="DesignSrcs" RelSrcDir="$PSRCDIR/sources_1" RelGenDir="$PGENDIR/sources_1">
    <Filter Type="Srcs"/>
    <File Path="$PSRCDIR/sources_1/imports/Lab5_Files/timing.v">
      <FileInfo>
        <Attr Name="ImportPath" Val="$PPRDIR/../Lab5_Files/timing.v"/>
        <Attr Name="ImportTime" Val="1286828364"/>
        <Attr Name="UsedIn" Val="synthesis"/>
        <Attr Name="UsedIn" Val="implementation"/>
        <Attr Name="UsedIn" Val="simulation"/>
      </FileInfo>
    </File>
    <File Path="$PSRCDIR/sources_1/imports/Lab5_Files/ClockGen.vhd">
      <FileInfo>
        <Attr Name="ImportPath" Val="$PPRDIR/../Lab5_Files/ClockGen.vhd"/>
        <Attr Name="ImportTime" Val="1563825488"/>
        <Attr Name="UsedIn" Val="synthesis"/>
        <Attr Name="UsedIn" Val="simulation"/>
      </FileInfo>
    </File>
    <File Path="$PSRCDIR/sources_1/imports/Lab5_Files/DVI_Constants.vhd">
      <FileInfo>
        <Attr Name="ImportPath" Val="$PPRDIR/../Lab5_Files/DVI_Constants.vhd"/>
        <Attr Name="ImportTime" Val="1563825488"/>
        <Attr Name="UsedIn" Val="synthesis"/>
        <Attr Name="UsedIn" Val="simulation"/>
      </FileInfo>
    </File>
    <File Path="$PSRCDIR/sources_1/imports/Lab5_Files/SyncAsync.vhd">
      <FileInfo>
        <Attr Name="ImportPath" Val="$PPRDIR/../Lab5_Files/SyncAsync.vhd"/>
        <Attr Name="ImportTime" Val="1563825488"/>
        <Attr Name="UsedIn" Val="synthesis"/>
        <Attr Name="UsedIn" Val="simulation"/>
      </FileInfo>
    </File>
    <File Path="$PSRCDIR/sources_1/imports/Lab5_Files/SyncAsyncReset.vhd">
      <FileInfo>
        <Attr Name="ImportPath" Val="$PPRDIR/../Lab5_Files/SyncAsyncReset.vhd"/>
        <Attr Name="ImportTime" Val="1563825488"/>
        <Attr Name="UsedIn" Val="synthesis"/>
        <Attr Name="UsedIn" Val="simulation"/>
      </FileInfo>
    </File>
    <File Path="$PSRCDIR/sources_1/imports/Lab5_Files/OutputSERDES.vhd">
      <FileInfo>
        <Attr Name="ImportPath" Val="$PPRDIR/../Lab5_Files/OutputSERDES.vhd"/>
        <Attr Name="ImportTime" Val="1563825488"/>
        <Attr Name="UsedIn" Val="synthesis"/>
        <Attr Name="UsedIn" Val="simulation"/>
      </FileInfo>
    </File>
    <File Path="$PSRCDIR/sources_1/imports/Lab5_Files/TMDS_Encoder.vhd">
      <FileInfo>
        <Attr Name="ImportPath" Val="$PPRDIR/../Lab5_Files/TMDS_Encoder.vhd"/>
        <Attr Name="ImportTime" Val="1563825488"/>
        <Attr Name="UsedIn" Val="synthesis"/>
        <Attr Name="UsedIn" Val="simulation"/>
      </FileInfo>
    </File>
    <File Path="$PSRCDIR/sources_1/imports/Lab5_Files/rgb2dvi.vhd">
      <FileInfo>
        <Attr Name="ImportPath" Val="$PPRDIR/../Lab5_Files/rgb2dvi.vhd"/>
        <Attr Name="ImportTime" Val="1566069532"/>
        <Attr Name="UsedIn" Val="synthesis"/>
        <Attr Name="UsedIn" Val="simulation"/>
      </FileInfo>
    </File>
    <File Path="$PSRCDIR/sources_1/imports/Lab5_Files/Lab5.vhd">
      <FileInfo>
        <Attr Name="ImportPath" Val="$PPRDIR/../Lab5_Files/Lab5.vhd"/>
        <Attr Name="ImportTime" Val="1566076410"/>
        <Attr Name="UsedIn" Val="synthesis"/>
        <Attr Name="UsedIn" Val="simulation"/>
      </FileInfo>
    </File>
    <Config>
      <Option Name="DesignMode" Val="RTL"/>
      <Option Name="TopModule" Val="Lab5"/>
      <Option Name="TopAutoSet" Val="TRUE"/>
    </Config>
  </FileSet>
  <FileSet Name="constrs_in" Type="Constrs" RelSrcDir="$PSRCDIR/constrs_1">
    <Filter Type="Constrs"/>
    <File Path="$PSRCDIR/constrs_1/imports/Lab5_Files/Lab5.xdc">
      <FileInfo>
        <Attr Name="ImportPath" Val="$PPRDIR/../Lab5_Files/Lab5.xdc"/>
        <Attr Name="ImportTime" Val="1566056020"/>
        <Attr Name="UsedIn" Val="synthesis"/>
        <Attr Name="UsedIn" Val="implementation"/>
      </FileInfo>
    </File>
    <Config>
      <Option Name="ConstrsType" Val="XDC"/>
    </Config>
  </FileSet>
  <FileSet Name="utils" Type="Utils" RelSrcDir="$PSRCDIR/utils_1">
    <Filter Type="Utils"/>
    <Config>
      <Option Name="TopAutoSet" Val="TRUE"/>
    </Config>
  </FileSet>
  <Strategy Version="1" Minor="2">
    <StratHandle Name="Vivado Synthesis Defaults" Flow="Vivado Synthesis 2020"/>
    <Step Id="synth_design"/>
  </Strategy>
  <BlockFileSet Type="BlockSrcs" Name="pxl_clk_gen"/>
</GenRun>
