<?xml version="1.0"?>
<Runs Version="1" Minor="0">
	<Run Id="pxl_clk_gen_synth_1" LaunchDir="C:/Users/Muff3/project_5_the_right_way/project_5_the_right_way.runs/pxl_clk_gen_synth_1" FlowId="Vivado_Synthesis" FromStepId="vivado" ToStepId="vivado"/>
	<Run Id="synth_1" LaunchDir="C:/Users/Muff3/project_5_the_right_way/project_5_the_right_way.runs/synth_1" FlowId="Vivado_Synthesis" FromStepId="vivado" ToStepId="vivado">
		<Parent Id="pxl_clk_gen_synth_1"/>
	</Run>
	<Parameters>
		<Parameter Name="runs.monitorLSFJobs" Val="true" Type="bool"/>
		<Parameter Name="runs.enableClusterConf" Val="true" Type="bool"/>
	</Parameters>
</Runs>

